City_ID,City,Lat,Lng,Max Temp,Humidity,Cloudiness,Wind Speed,Country,Date
0,tarinkot,32.6268,65.8733,27.06,17,0,1.84,AF,1682584722
1,grytviken,-54.2811,-36.5092,1.02,82,58,4.75,GS,1682584723
2,port elizabeth,-33.918,25.5701,23.94,82,20,12.35,ZA,1682584723
3,namtsy,62.7161,129.6658,1.88,91,100,2.79,RU,1682584724
4,argo,37.6333,22.7333,18.21,45,3,1.99,GR,1682584725
5,karratha,-20.7377,116.8463,28.5,50,100,2.64,AU,1682584725
6,port-aux-francais,-49.35,70.2167,4.24,78,90,13.4,TF,1682584726
7,margaret river,-33.95,115.0667,14.38,63,90,6.34,AU,1682584727
8,college,64.8569,-147.8028,0.99,59,75,0.0,US,1682584727
9,puerto natales,-51.7236,-72.4875,4.7,94,96,3.02,CL,1682584728
10,hawaiian paradise park,19.5933,-154.9731,22.8,91,75,1.54,US,1682584728
11,christchurch,-43.5333,172.6333,9.11,80,0,1.03,NZ,1682584439
12,happy valley-goose bay,53.3168,-60.3315,-1.83,100,20,2.06,CA,1682584729
13,blackmans bay,-43.0167,147.3167,16.07,78,14,2.86,AU,1682584730
14,chu,43.5983,73.7614,25.44,22,0,9.15,KZ,1682584731
15,yellowknife,62.456,-114.3525,-0.71,100,100,1.03,CA,1682584731
16,udachny,66.4167,112.4,0.25,58,89,3.38,RU,1682584732
17,nova sintra,14.8667,-24.7167,20.34,74,62,1.77,CV,1682584732
18,edinburgh of the seven seas,-37.0676,-12.3116,16.98,72,65,10.71,SH,1682584733
19,bethel,41.3712,-73.414,9.2,85,100,0.0,US,1682584734
20,hiratacho,35.4333,132.8167,17.98,59,0,3.6,JP,1682584734
21,adamstown,-25.066,-130.1015,23.91,68,100,1.9,PN,1682584735
22,kingston,17.997,-76.7936,26.53,87,20,4.63,JM,1682584735
23,ribeira grande,38.5167,-28.7,17.65,82,40,8.75,PT,1682584736
24,mount gambier,-37.8333,140.7667,15.02,72,0,2.45,AU,1682584736
25,fale old settlement,-9.3852,-171.2468,28.53,72,100,3.53,TK,1682584738
26,taoudenni,22.6783,-3.9836,34.92,7,0,9.29,ML,1682584738
27,akjoujt,19.6969,-14.4164,30.21,26,0,5.4,MR,1682584739
28,betio village,1.358,172.9211,29.02,79,55,7.79,KI,1682584739
29,puerto lempira,15.2667,-83.7667,21.86,87,2,2.39,HN,1682584740
30,wailua homesteads,22.0669,-159.378,22.44,71,40,4.12,US,1682584740
31,yarumal,6.9632,-75.4174,11.14,98,98,0.95,CO,1682584741
32,invercargill,-46.4,168.35,11.68,82,5,0.89,NZ,1682584742
33,novo aripuana,-5.1206,-60.3797,22.54,99,96,0.84,BR,1682584743
34,noumea,-22.2763,166.4572,21.99,83,99,8.21,NC,1682584743
35,bilibino,68.0546,166.4372,-10.85,83,41,3.22,RU,1682584744
36,kapoeta,4.7717,33.5903,32.19,40,41,3.16,SS,1682584745
37,jamestown,42.097,-79.2353,0.8,91,0,1.54,US,1682584745
38,betare oya,5.6,14.0833,26.53,59,98,1.09,CM,1682584746
39,ujae,8.9322,165.7642,27.48,83,25,9.45,MH,1682584747
40,waitangi,-43.9535,-176.5597,11.01,73,98,1.79,NZ,1682584748
41,albany,42.6001,-73.9662,5.24,93,96,0.94,US,1682584717
42,viseu,40.661,-7.9097,21.59,36,99,0.04,PT,1682584749
43,aasiaat,68.7098,-52.8699,-1.73,93,100,2.52,GL,1682584750
44,parras de la fuente,25.4167,-102.1833,16.21,16,29,0.9,MX,1682584751
45,ilulissat,69.2167,-51.1,-0.99,93,100,3.09,GL,1682584751
46,longyearbyen,78.2186,15.6401,-1.09,74,40,2.57,SJ,1682584752
47,alta,69.9689,23.2717,5.11,65,0,5.66,NO,1682584753
48,minas de marcona,-15.2119,-75.1103,15.9,89,45,4.02,PE,1682584753
49,sucua,-2.4667,-78.1667,18.52,96,69,1.44,EC,1682584754
50,kinzan,36.1031,127.4889,17.92,41,4,3.16,KR,1682584755
51,bonga,7.2833,36.2333,21.37,87,55,0.88,ET,1682584755
52,vorgashor,67.5833,63.95,-2.09,84,100,4.7,RU,1682584756
53,papatowai,-46.5619,169.4708,9.23,93,2,1.79,NZ,1682584757
54,yoichi,43.2039,140.7703,8.55,55,1,9.05,JP,1682584757
55,ugoofaaru,5.6667,73.0,29.02,73,80,2.08,MV,1682584758
56,iqaluit,63.7506,-68.5145,-1.15,86,75,4.12,CA,1682584759
57,qamdo,31.1667,97.2333,8.28,22,100,5.8,CN,1682584759
58,vershino-darasunskiy,52.35,115.5167,7.12,21,100,4.76,RU,1682584760
59,stanley,54.868,-1.6985,7.65,81,100,3.09,GB,1682584761
60,yoakum,29.2878,-97.1519,22.97,97,100,1.56,US,1682584761
61,kristiansund,63.1115,7.732,6.03,70,75,4.12,NO,1682584762
62,lebu,-37.6167,-73.65,13.18,85,100,1.3,CL,1682584763
63,angra dos reis,-23.0067,-44.3181,22.14,79,0,1.71,BR,1682584741
64,maitum,6.0392,124.4986,28.8,78,100,1.74,PH,1682584764
65,fort bragg,35.139,-79.006,15.11,97,100,0.0,US,1682584601
66,olonkinbyen,70.9221,-8.7187,-2.25,92,99,9.96,SJ,1682584765
67,swaffham,52.6469,0.6887,11.22,70,0,5.14,GB,1682584766
68,merizo village,13.2658,144.6691,29.31,85,5,9.12,GU,1682584766
69,ushuaia,-54.8,-68.3,7.81,61,40,4.63,AR,1682584767
70,plymouth,41.8334,-70.8328,8.26,82,100,0.0,US,1682584706
71,eastham,41.8301,-69.9739,6.1,90,18,0.65,US,1682584769
72,san antonio de pale,-1.4014,5.6325,28.24,75,97,2.83,GQ,1682584770
73,pontianak,-0.0333,109.3333,30.99,74,75,5.14,ID,1682584770
74,kodiak,57.79,-152.4072,1.73,93,100,2.57,US,1682584771
75,rongelap,11.1635,166.8941,27.08,83,11,9.65,MH,1682584772
76,baise city,23.8997,106.6133,30.57,51,60,6.33,CN,1682584772
77,lazaro cardenas,17.9583,-102.2,22.83,79,96,1.66,MX,1682584774
78,ust-nera,64.5667,143.2,-2.45,89,100,0.84,RU,1682584774
79,saint-joseph,-21.3667,55.6167,27.21,66,3,3.04,RE,1682584775
80,buka,40.8108,69.1986,28.38,20,12,2.96,UZ,1682584776
81,dudinka,69.4058,86.1778,-5.5,91,100,2.37,RU,1682584776
82,regina,50.4501,-104.6178,7.06,85,100,1.54,CA,1682584735
83,haiku-pauwela,20.9219,-156.3051,22.01,85,100,4.63,US,1682584778
84,okeechobee,27.2439,-80.8298,20.56,100,0,0.0,US,1682584778
85,urucara,-2.5364,-57.76,21.89,99,100,1.25,BR,1682584780
86,utrik,11.2278,169.8474,26.77,83,17,9.22,MH,1682584781
87,saint-pierre,-21.3393,55.4781,27.82,57,0,4.63,RE,1682584781
88,hilo,19.7297,-155.09,24.6,85,75,1.54,US,1682584495
89,grand-bassam,5.2118,-3.7388,28.98,74,100,4.13,CI,1682584782
90,deyang,31.1302,104.382,21.96,56,100,2.43,CN,1682584783
91,cabo san lucas,22.8909,-109.9124,21.4,65,5,5.72,MX,1682584784
92,abepura,-2.6333,140.5833,29.45,70,20,2.57,ID,1682584784
93,port mathurin,-19.6833,63.4167,26.21,80,20,5.05,MU,1682584785
94,rundu,-17.9333,19.7667,30.77,20,6,2.74,NA,1682584786
95,dryden,49.7833,-92.7503,1.16,100,100,3.09,CA,1682584787
96,east london,-33.0153,27.9116,25.52,53,0,2.06,ZA,1682584788
97,khandyga,62.6667,135.6,2.75,93,72,0.93,RU,1682584788
98,eyl,7.9803,49.8164,33.56,54,72,5.43,SO,1682584789
99,bouna,9.2667,-3.0,27.34,64,100,3.42,CI,1682584789
100,bredasdorp,-34.5322,20.0403,20.61,59,68,9.94,ZA,1682584592
101,calabozo,8.9242,-67.4293,25.87,72,3,1.77,VE,1682584791
102,callao,-12.0667,-77.15,24.16,73,0,3.6,PE,1682584587
103,hithadhoo,-0.6,73.0833,29.22,73,80,5.4,MV,1682584792
104,nelson bay,-32.7167,152.15,21.11,83,1,4.02,AU,1682584792
105,hafar al-batin,28.4328,45.9708,31.32,29,0,2.06,SA,1682584793
106,hirara,24.8,125.2833,23.15,88,75,4.12,JP,1682584794
107,port alfred,-33.5906,26.891,22.88,84,100,5.36,ZA,1682584794
108,hami,42.8,93.45,18.57,11,65,8.23,CN,1682584755
109,codrington,-38.2667,141.9667,16.1,76,0,1.23,AU,1682584795
110,choibalsan,48.0667,114.5,8.32,13,16,11.16,MN,1682584796
111,petropavlovsk-kamchatsky,53.0452,158.6483,3.33,48,0,6.0,RU,1682584797
112,harper,4.375,-7.7169,28.66,73,95,3.31,LR,1682584797
113,lodja,-3.4833,23.4333,29.49,58,100,2.04,CD,1682584798
114,alfredo chaves,-20.635,-40.7497,21.14,93,8,1.72,BR,1682584798
115,laibin,23.7,109.2667,22.41,83,100,2.69,CN,1682584799
116,noshiro,40.2039,140.0242,12.46,61,27,2.46,JP,1682584758
117,bubaque,11.2833,-15.8333,25.18,68,100,6.82,GW,1682584800
118,phulpur,25.55,82.1,36.19,19,100,3.68,IN,1682584801
119,tuxtepec,18.1,-96.1167,25.75,79,67,0.15,MX,1682584802
120,thompson,55.7435,-97.8558,0.09,69,0,4.12,CA,1682584803
121,ebon,4.582,168.6964,28.54,78,91,6.32,MH,1682584804
122,sevastopol,44.6,33.5333,11.67,73,100,0.45,UA,1682584805
123,punta arenas,-53.15,-70.9167,6.06,75,75,7.2,CL,1682584806
124,keflavik,64.0049,-22.5624,1.24,100,100,6.17,IS,1682584806
125,saint-philippe,-21.3585,55.7679,27.77,66,5,3.19,RE,1682584807
126,susuman,62.7833,148.1667,-4.13,86,100,1.36,RU,1682584808
127,luderitz,-26.6481,15.1594,21.36,51,2,3.04,NA,1682584808
128,malvan,16.0667,73.4667,30.22,59,15,7.07,IN,1682584809
129,aral,40.5156,81.2636,22.78,14,99,2.39,CN,1682584810
130,taltal,-25.4,-70.4833,16.32,84,67,0.41,CL,1682584220
131,port lincoln,-34.7333,135.8667,17.03,76,3,6.06,AU,1682584575
132,elizabethton,36.3487,-82.2107,11.58,67,0,0.0,US,1682584749
133,polyarnyy,69.1989,33.4478,1.34,88,75,7.37,RU,1682584812
134,torchiarolo,40.4842,18.0525,16.76,50,1,6.33,IT,1682584813
135,whitehorse,60.7161,-135.0538,1.43,64,75,5.66,CA,1682584546
136,bonawon,9.134,122.9193,30.89,70,81,2.35,PH,1682584814
137,harker heights,31.0835,-97.6597,16.38,97,100,3.6,US,1682584565
138,nguigmi,14.2495,13.1092,33.11,22,99,4.47,NE,1682584817
139,gizo,-8.103,156.8419,28.61,74,11,1.08,SB,1682584818
140,sitia,35.2,26.0986,19.99,66,23,7.6,GR,1682584819
141,casablanca,33.5928,-7.6192,30.01,78,95,3.09,MA,1682584667
142,avarua,-21.2078,-159.775,24.03,83,75,2.06,CK,1682584820
143,north ward,-19.2454,146.8075,25.95,69,3,5.66,AU,1682584821
144,puerto baquerizo moreno,-0.9,-89.6,25.36,81,95,4.51,EC,1682584821
145,kismayo,-0.3582,42.5454,29.96,66,98,5.55,SO,1682584822
146,newnham,-41.3833,147.1333,15.06,92,100,5.66,AU,1682584823
147,mulayjah,27.271,48.4242,33.62,13,0,4.66,SA,1682584824
148,greymouth,-42.4667,171.2,10.75,88,1,1.65,NZ,1682584825
149,howrah,22.5892,88.3103,35.0,59,40,2.57,IN,1682584825
150,la ronge,55.1001,-105.2842,1.14,93,100,5.14,CA,1682584826
151,pombal,-6.7703,-37.8017,24.41,82,100,1.26,BR,1682584827
152,rio preto da eva,-2.6994,-59.6997,22.11,99,100,1.1,BR,1682584828
153,coahuayana de hidalgo,18.7,-103.6583,21.57,65,100,1.31,MX,1682584828
154,carupano,10.6678,-63.2585,23.75,90,72,2.79,VE,1682584829
155,west island,-12.1568,96.8225,28.99,79,100,8.23,CC,1682584830
156,puerto ayora,-0.7393,-90.3518,24.19,97,92,0.45,EC,1682584831
157,pervomayskoye,43.919,46.7102,22.08,54,0,7.93,RU,1682584831
158,vila do maio,15.1333,-23.2167,22.44,75,65,5.52,CV,1682584832
159,malango,-2.9627,119.9001,22.87,97,100,0.53,ID,1682584833
160,kenai,60.5544,-151.2583,3.05,76,100,2.57,US,1682584833
161,talnakh,69.4865,88.3972,-3.43,90,100,1.67,RU,1682584834
162,cide,41.8921,33.0044,14.29,87,100,2.07,TR,1682584835
163,afaahiti,-17.75,-149.2833,25.59,83,100,4.83,PF,1682584836
164,jayapura,-2.5333,140.7,29.66,83,98,1.66,ID,1682584837
165,aswan,24.0934,32.907,33.61,13,0,5.14,EG,1682584837
166,san luis de la loma,17.2706,-100.8939,24.12,73,94,1.4,MX,1682584838
167,badger,64.8,-147.5333,0.95,61,75,0.0,US,1682584839
168,chonchi,-42.6128,-73.8092,8.56,95,100,0.39,CL,1682584840
169,mata-utu,-13.2816,-176.1745,28.58,72,100,2.48,WF,1682584840
170,anadyr,64.75,177.4833,-9.72,85,0,4.0,RU,1682584843
171,undurkhaan,47.3194,110.6556,5.35,17,56,9.93,MN,1682584843
172,bandar lampung,-5.4254,105.258,27.81,85,100,0.79,ID,1682584845
173,lisakovsk,52.5369,62.4936,24.52,19,95,8.85,KZ,1682584845
174,miguel ahumada,30.6167,-106.5167,12.98,27,1,3.68,MX,1682584846
175,pandan,14.0453,124.1694,27.35,82,89,5.03,PH,1682584847
176,sibiti,-3.6819,13.3499,23.84,82,100,1.12,CG,1682584848
177,komatipoort,-25.4332,31.9548,28.36,46,0,4.35,ZA,1682584848
178,atafu village,-8.5421,-172.5159,28.75,69,100,4.6,TK,1682584849
179,yung shue wan,22.2333,114.1167,25.87,77,99,0.45,HK,1682584849
180,owen sound,44.5672,-80.9435,-1.79,94,7,0.89,CA,1682584770
181,lihue,21.9789,-159.3672,22.77,71,40,4.12,US,1682584851
182,bilajer,40.5681,50.0378,19.9,68,0,10.29,AZ,1682584851
183,talcahuano,-36.7167,-73.1167,12.82,100,100,2.06,CL,1682584852
184,qina,26.1642,32.7267,32.17,11,0,1.7,EG,1682584852
185,klyuchi,52.2667,79.1667,24.34,24,100,6.13,RU,1682584853
186,voorschoten,52.1167,4.4333,10.01,63,100,3.6,NL,1682584853
187,georgetown,5.4112,100.3354,32.97,62,40,6.17,MY,1682584854
188,grand falls-windsor,48.9332,-55.6649,0.28,92,22,1.29,CA,1682584855
189,yinchuan,38.4681,106.2731,16.22,22,97,5.55,CN,1682584855
190,reyes,-14.3167,-67.3833,21.83,99,31,0.39,BO,1682584856
191,weno,7.4515,151.8468,25.97,100,100,0.0,FM,1682584856
192,afumati,44.5167,26.2667,12.21,71,75,5.66,RO,1682584857
193,olinda,-8.0089,-34.8553,23.85,94,100,2.06,BR,1682584858
194,kasama,-10.2129,31.1808,21.86,57,32,3.23,ZM,1682584858
195,saldanha,-33.0117,17.9442,16.03,85,90,5.81,ZA,1682584859
196,sao lourenco do sul,-31.3653,-51.9783,15.41,94,1,3.71,BR,1682584859
197,flying fish cove,-10.4217,105.6791,27.6,80,79,6.46,CX,1682584860
198,menongue,-14.6585,17.691,27.5,28,4,3.96,AO,1682584861
199,isafjordur,66.0755,-23.124,0.02,59,75,4.63,IS,1682584861
200,bazarnyy karabulak,52.2683,46.4144,19.74,39,80,2.81,RU,1682584862
201,tiksi,71.6872,128.8694,-7.24,89,12,0.42,RU,1682584863
202,roquetas de mar,36.7642,-2.6148,24.0,59,42,2.45,ES,1682584864
203,conceicao da barra,-18.5933,-39.7322,21.5,97,27,1.59,BR,1682584864
204,geraldton,-28.7667,114.6,22.23,60,3,10.29,AU,1682584866
205,newman,37.3138,-121.0208,18.49,73,8,1.79,US,1682584867
206,bayramaly,37.6185,62.1671,29.86,7,11,4.27,TM,1682584867
207,crane,31.3974,-102.3501,11.69,63,0,3.65,US,1682584868
208,sandnessjoen,66.0217,12.6316,4.8,81,75,3.6,NO,1682584869
209,cafayate,-26.073,-65.9761,14.19,64,1,0.83,AR,1682584869
210,zouerate,22.7187,-12.4521,27.32,36,4,2.07,MR,1682584870
211,ambon,-3.6954,128.1814,30.53,86,40,2.57,ID,1682584871
212,qaqortoq,60.7167,-46.0333,0.01,98,100,1.95,GL,1682584871
213,kapuskasing,49.4169,-82.4331,0.05,86,100,2.57,CA,1682584624
214,freetown,8.484,-13.2299,26.84,78,75,2.29,SL,1682584873
215,poli,-3.3333,36.8,19.15,73,75,2.57,TZ,1682584873
216,saipan,15.1355,145.701,27.76,77,29,8.67,MP,1682584874
217,laurentides,46.4334,-74.9826,-0.72,95,24,0.25,CA,1682584875
218,port-vila,-17.7338,168.3219,24.78,88,20,1.03,VU,1682584876
219,la quiaca,-22.1024,-65.593,6.02,60,0,1.08,AR,1682584876
220,balabac,7.9868,117.0645,29.45,72,74,5.61,PH,1682584877
221,pacocha,-17.5833,-71.3333,18.82,87,49,2.23,PE,1682584878
222,labytnangi,66.6572,66.4183,-3.21,86,100,5.82,RU,1682584878
223,riviere-du-loup,47.8304,-69.5342,2.15,100,37,1.03,CA,1682584735
224,videle,44.2781,25.5244,10.97,73,99,4.28,RO,1682584880
225,lakshettipet,18.8667,79.2167,30.13,60,38,5.3,IN,1682584881
226,kolokani,13.5728,-8.0339,33.73,7,100,5.66,ML,1682584882
227,laguna,38.421,-121.4238,20.17,67,0,0.0,US,1682584883
228,la'ie,21.6477,-157.9253,23.98,89,90,4.26,US,1682584883
229,parana,-31.732,-60.5238,16.97,96,12,1.4,AR,1682584853
230,gobabis,-22.45,18.9667,26.66,29,62,3.31,NA,1682584885
231,chickasha,35.0526,-97.9364,12.5,100,100,3.09,US,1682584885
232,pascagoula,30.3658,-88.5561,23.03,95,100,1.54,US,1682584886
233,arteche,12.2645,125.4048,27.11,87,100,3.05,PH,1682584887
234,klaksvik,62.2266,-6.589,2.51,96,100,7.0,FO,1682584887
235,margate,51.3813,1.3862,11.28,67,100,2.68,GB,1682584890
236,ocean city,39.2776,-74.5746,12.01,81,100,3.14,US,1682584890
237,oroqen zizhiqi,50.5667,123.7167,10.6,25,100,2.7,CN,1682584891
238,novyy urengoy,66.0833,76.6333,-3.39,88,21,2.73,RU,1682584892
239,assab,13.0092,42.7394,29.95,70,18,5.15,ER,1682584892
240,san patricio,28.017,-97.5169,23.94,95,100,2.3,US,1682584893
241,egersund,58.4513,5.9997,6.16,60,8,7.29,NO,1682584894
242,touros,-5.1989,-35.4608,24.68,89,100,3.14,BR,1682584895
243,makoua,0.0069,15.6333,26.13,71,96,0.74,CG,1682584895
244,dadukou,26.5479,101.7054,36.47,10,78,9.3,CN,1682584896
245,kone,-21.0595,164.8658,22.46,88,3,2.89,NC,1682584897
246,naeso,35.2497,128.52,20.69,40,0,1.54,KR,1682584897
247,carnarvon,-24.8667,113.6333,24.41,44,6,8.52,AU,1682584898
248,flekkefjord,58.2971,6.6607,7.75,51,6,6.72,NO,1682584899
249,kuta,-8.7233,115.1723,29.97,83,40,8.23,ID,1682584899
250,cill airne,52.05,-9.5167,12.03,82,40,3.6,IE,1682584900
251,hermanus,-34.4187,19.2345,21.0,78,44,9.12,ZA,1682584900
252,cadale,2.7603,46.3222,30.71,68,94,7.28,SO,1682584901
253,jijel,36.8205,5.7667,20.97,64,0,2.06,DZ,1682584902
254,illizi,26.4833,8.4667,29.89,12,6,7.78,DZ,1682584902
255,soroti,1.7146,33.6111,25.52,61,90,2.37,UG,1682584903
256,colonia,50.9333,6.95,11.7,53,0,3.09,DE,1682584903
257,acapulco de juarez,16.8634,-99.8901,26.9,78,40,1.54,MX,1682584709
258,nakatsu,33.5981,131.1883,20.66,71,100,1.71,JP,1682584904
259,tokmok,42.8417,75.3016,24.81,25,39,3.86,KG,1682584905
260,yarmouth,41.7057,-70.2286,7.76,94,100,1.54,US,1682584906
261,hadibu,12.65,54.0333,31.08,58,6,0.89,YE,1682584906
262,mahavelona,-17.6848,49.5087,24.99,79,20,4.52,MG,1682584907
263,uige,-7.6087,15.0613,25.75,74,100,0.79,AO,1682584908
264,nogliki,51.8333,143.1667,-0.04,99,100,2.22,RU,1682584908
265,gao,16.6362,1.637,35.39,7,92,4.92,ML,1682584909
266,leua,48.2156,18.6071,10.89,46,17,2.82,SK,1682584909
267,villaflores,41.084,-5.2344,24.3,29,87,2.24,ES,1682584910
268,inhambane,-23.865,35.3833,27.99,61,40,4.12,MZ,1682584911
269,selfoss,63.9331,-20.9971,-0.53,97,100,1.05,IS,1682584911
270,custodia,-8.0875,-37.6431,19.12,95,32,1.61,BR,1682584912
271,hammerfest,70.6634,23.6821,5.25,65,0,4.63,NO,1682584913
272,holualoa,19.6228,-155.9522,20.91,98,100,5.66,US,1682584799
273,altay,47.8667,88.1167,14.26,32,100,1.32,CN,1682584914
274,tindouf,27.6711,-8.1474,28.25,12,0,3.09,DZ,1682584915
275,qujing,25.4833,103.7833,25.28,29,64,12.03,CN,1682584916
276,lundazi,-12.2929,33.1782,23.8,53,89,3.21,ZM,1682584916
277,aljezur,37.3191,-8.8033,25.35,33,99,0.97,PT,1682584917
278,barclayville,4.6797,-8.2339,27.82,78,93,0.99,LR,1682584918
279,paciran,-6.8767,112.3761,29.39,74,100,3.62,ID,1682584918
280,portland,45.5234,-122.6762,15.32,75,100,1.34,US,1682584432
281,morehead city,34.7229,-76.726,18.89,89,100,2.06,US,1682584919
282,vorontsovka,50.6132,40.3549,18.88,57,96,5.82,RU,1682584921
283,fayroz koh,34.5195,65.2509,18.87,11,0,2.13,AF,1682584922
284,manicore,-5.8092,-61.3003,21.82,99,82,0.5,BR,1682584923
285,road town,18.4167,-64.6167,25.05,75,19,4.75,VG,1682584923
286,yaren,-0.5472,166.916,28.98,77,12,6.63,NR,1682584924
287,queenstown,-31.8976,26.8753,27.71,30,89,10.85,ZA,1682584708
288,biale blota,53.0952,17.9162,9.03,54,75,7.72,PL,1682584926
289,makinsk,52.6292,70.4169,22.58,24,90,6.89,KZ,1682584926
290,takanabe,32.1333,131.5,17.94,63,100,1.37,JP,1682584927
291,iquique,-20.2208,-70.1431,20.02,76,0,2.74,CL,1682584928
292,altensteig,48.5833,8.6,12.71,61,93,0.38,DE,1682584764
293,kolonia town,6.964,158.206,28.0,83,100,3.09,FM,1682584929
294,kukmor,56.1855,50.8944,16.47,60,85,7.31,RU,1682584930
295,chardara,41.2547,67.9692,26.33,29,0,1.82,KZ,1682584930
296,tabou,4.423,-7.3528,28.12,77,98,2.91,CI,1682584931
297,baoro,5.6667,15.9667,28.16,58,73,3.39,CF,1682584932
298,chinsali,-10.5414,32.0816,22.71,58,14,3.7,ZM,1682584933
299,kudat,6.8837,116.8477,31.96,70,20,4.63,MY,1682584934
300,puerto real,36.5282,-6.1901,28.67,38,0,5.66,ES,1682584935
301,i-n-salah,27.1935,2.4607,33.48,8,1,11.35,DZ,1682584936
302,yamada,39.4667,141.95,9.97,66,4,2.12,JP,1682584937
303,shiyan,32.6475,110.7781,25.59,46,3,4.45,CN,1682584755
304,rikaze,29.25,88.8833,15.45,9,91,2.88,CN,1682584940
305,presque isle,46.6811,-68.0159,3.43,85,40,0.0,US,1682584940
306,aranda de duero,41.6704,-3.6892,19.74,37,96,2.04,ES,1682584941
307,zumpango del rio,17.65,-99.5,19.21,83,37,2.21,MX,1682584942
308,n'zeto,-7.2312,12.8666,27.98,76,48,0.31,AO,1682584942
309,vengerovo,55.6848,76.7471,23.83,24,100,9.27,RU,1682584943
310,hamilton,39.1834,-84.5333,7.74,70,99,1.79,US,1682584879
311,sungailiat,-1.85,106.1333,29.27,69,100,3.17,ID,1682584944
312,vilyuchinsk,52.9306,158.4028,4.15,80,100,2.46,RU,1682584945
313,broken hill,-31.95,141.4333,24.16,35,33,6.36,AU,1682584946
314,canzo,45.8495,9.2772,16.46,54,37,0.89,IT,1682584947
315,grand-lahou,5.1367,-5.0242,28.91,74,100,4.49,CI,1682584948
316,bathsheba,13.2167,-59.5167,26.34,89,40,2.57,BB,1682584949
317,alice springs,-23.7,133.8833,28.75,32,85,4.12,AU,1682584949
318,pumiao,22.75,108.4833,25.22,76,100,5.89,CN,1682584950
319,sampit,-2.5333,112.95,29.79,73,100,0.78,ID,1682584951
320,firuzabad,28.8438,52.5707,24.2,28,37,6.89,IR,1682584951
321,chegdomyn,51.1167,133.0167,5.04,50,80,3.78,RU,1682584952
322,tamanrasset,22.785,5.5228,26.95,12,0,8.23,DZ,1682584953
323,bida,9.0833,6.0167,30.71,58,82,3.21,NG,1682584954
324,yurga,55.7231,84.8861,9.97,85,100,5.48,RU,1682584954
325,lethem,3.3803,-59.7968,21.61,95,97,1.64,GY,1682584956
326,caluula,11.9661,50.7569,29.24,70,60,6.74,SO,1682584956
327,dapa,9.7594,126.0531,28.69,71,78,3.82,PH,1682584957
328,mudgee,-32.5943,149.5871,15.99,57,0,1.77,AU,1682584958
329,villa regina,-39.1,-67.0667,15.92,37,100,3.91,AR,1682584958
330,konosha,60.9736,40.257,7.82,85,100,3.11,RU,1682584959
331,caleta de carquin,-11.0925,-77.6267,22.97,85,40,3.91,PE,1682584960
332,tazacorte,28.629,-17.9293,22.3,49,0,3.09,ES,1682584960
333,necochea,-38.5473,-58.7368,12.21,90,13,2.5,AR,1682584961
334,koryazhma,61.3143,47.1691,4.42,90,100,4.28,RU,1682584962
335,campoverde,-8.4753,-74.8058,21.76,98,17,0.19,PE,1682584963
336,port isabel,26.0734,-97.2086,25.02,90,75,2.57,US,1682584963
337,island harbour,50.724,-1.2758,12.02,81,100,7.15,GB,1682584964
338,al mindak,20.1588,41.2834,23.78,35,10,4.63,SA,1682584965
339,homer,59.6425,-151.5483,3.78,75,100,0.89,US,1682584966
340,luanda,-8.8368,13.2343,27.0,83,75,2.06,AO,1682584779
341,chulym,55.0997,80.9572,19.97,39,100,6.07,RU,1682584968
342,tralee,52.2704,-9.7026,12.14,82,40,3.6,IE,1682584968
343,chemin grenier,-20.4872,57.4656,27.77,77,88,3.47,MU,1682584918
344,muriti,-1.9833,32.9167,23.11,74,98,1.84,TZ,1682584970
345,yeniseysk,58.4497,92.1703,5.19,55,100,1.91,RU,1682584970
346,faribault,44.295,-93.2688,11.07,50,0,9.26,US,1682584971
347,nema,57.5067,50.5011,13.09,83,100,4.88,RU,1682584971
348,rio rico,31.4715,-110.9765,16.29,30,0,0.0,US,1682584972
349,san benito abad,8.929,-75.0271,26.02,81,100,1.11,CO,1682584972
350,ballina,-28.8667,153.5667,18.21,82,45,3.46,AU,1682584973
351,shobara,34.85,133.0167,17.47,72,87,1.7,JP,1682584974
352,enewetak,11.3474,162.3373,27.08,84,23,9.65,MH,1682584974
353,ciudad lazaro cardenas,17.9583,-102.2,22.83,79,96,1.66,MX,1682584774
354,pathein,16.7833,94.7333,36.79,29,5,7.34,MM,1682584975
355,nadi,-17.8,177.4167,27.0,78,40,3.09,FJ,1682584759
356,ancud,-41.8697,-73.8203,8.03,94,100,1.8,CL,1682584977
357,latacunga,-0.9333,-78.6167,11.19,91,78,1.31,EC,1682584978
358,shimoda,34.6667,138.95,19.2,67,47,4.87,JP,1682584978
359,derazhnya,49.2692,27.4338,6.78,61,83,7.2,UA,1682584979
360,luwuk,-0.9516,122.7875,28.65,83,96,1.29,ID,1682584979
361,pak phanang,8.3511,100.202,35.01,62,100,4.76,TH,1682584980
362,sisimiut,66.9395,-53.6735,-2.9,85,39,4.49,GL,1682584981
363,troitsko-pechorsk,62.7084,56.1964,0.97,94,100,4.43,RU,1682584981
364,nemuro,43.3236,145.575,6.76,55,0,7.64,JP,1682584982
365,piton saint-leu,-21.2196,55.3151,28.04,54,0,4.63,RE,1682584983
366,alofi,-19.0595,-169.9187,23.94,100,97,3.6,NU,1682584984
367,palikir - national government center,6.9248,158.1611,27.41,83,100,3.09,FM,1682584984
368,khanty-mansiysk,61.0042,69.0019,13.06,62,0,1.0,RU,1682584985
369,zhangye,38.9342,100.4517,14.07,23,98,5.84,CN,1682584986
370,bardai,11.65,7.2333,31.98,38,94,5.18,NG,1682584986
371,novaya igirma,57.1334,103.9112,3.76,60,100,3.6,RU,1682584987
372,nyurba,63.2842,118.3319,0.8,100,100,2.44,RU,1682584988
373,farmville,37.3021,-78.3919,11.22,96,0,0.0,US,1682584989
374,namibe,-15.1961,12.1522,28.89,53,87,3.41,AO,1682584990
375,franceville,-1.6333,13.5836,25.25,83,75,1.54,GA,1682584990
376,bhadrapur,26.544,88.0944,37.64,13,95,3.54,NP,1682584991
377,obock,12.25,43.0833,31.66,41,10,6.6,DJ,1682584992
378,gadzhiyevo,69.2551,33.3362,1.0,90,80,7.24,RU,1682584992
379,broceni,56.7,22.5333,9.02,40,31,4.45,LV,1682584993
380,akonolinga,3.7667,12.25,25.02,71,100,0.11,CM,1682584994
381,bani mazar,28.5036,30.8004,31.27,16,0,3.85,EG,1682584995
382,kirakira,-10.4544,161.9205,27.22,80,91,0.49,SB,1682584995
383,pirallahi,40.4723,50.333,20.08,68,0,6.56,AZ,1682584996
384,turinsk,58.0458,63.696,20.26,38,79,7.65,RU,1682584997
385,port douglas,-16.4833,145.4667,24.24,80,16,5.89,AU,1682584997
386,'ain el melh,34.8415,4.1638,25.29,18,3,0.95,DZ,1682584998
387,yuzhno-kurilsk,44.0306,145.8556,6.47,48,0,11.82,RU,1682584999
388,nar'yan-mar,67.6713,53.087,-1.74,87,100,7.94,RU,1682584999
389,aprelevka,55.5519,37.0801,19.93,52,0,4.0,RU,1682585000
390,hasaki,35.7333,140.8333,18.45,53,0,4.98,JP,1682584757
391,powell river,49.8496,-124.5361,9.0,87,94,2.11,CA,1682585001
392,tambopata,-12.7333,-69.1833,21.22,99,77,0.22,PE,1682585002
393,guaymate,18.5879,-68.9787,21.39,91,7,1.78,DO,1682585003
394,kourou,5.1552,-52.6478,23.03,92,100,1.65,GF,1682585004
395,nova xavantina,-14.6667,-52.35,21.49,85,1,1.15,BR,1682585005
396,horta,38.5333,-28.6333,17.23,86,40,9.39,PT,1682585005
397,kiratu,-3.3333,35.6667,21.82,59,64,3.23,TZ,1682585006
398,aflou,34.1128,2.1023,23.94,15,0,1.34,DZ,1682585008
399,kapa'a,22.0752,-159.319,23.18,71,40,4.12,US,1682585008
400,bikenibeu village,1.3673,173.1241,28.98,74,20,4.12,KI,1682585009
401,teguise,29.0605,-13.564,19.12,73,0,2.06,ES,1682585010
402,ulladulla,-35.35,150.4667,16.54,76,0,5.51,AU,1682585010
403,huarmey,-10.0681,-78.1522,23.84,86,39,3.84,PE,1682585011
404,borogontsy,62.6683,131.1683,1.68,99,100,1.86,RU,1682585012
405,gamba,-2.65,10.0,28.5,69,99,2.12,GA,1682585012
406,bandundu,-3.3167,17.3667,25.51,77,96,1.48,CD,1682585013
407,beyneu,45.3167,55.2,24.9,40,64,2.85,KZ,1682585014
408,opuwo,-18.0607,13.84,28.78,31,5,2.41,NA,1682585014
409,tofol,5.3248,163.0078,28.41,78,91,8.09,FM,1682585015
410,sinjai,-5.1241,120.253,27.28,87,100,2.34,ID,1682585016
411,vila franca do campo,37.7167,-25.4333,17.23,89,64,5.66,PT,1682585017
412,revda,56.801,59.9303,17.58,46,97,6.64,RU,1682585017
413,maintirano,-18.0667,44.0167,29.17,60,0,3.6,MG,1682585018
414,serdar,38.9764,56.2757,27.44,32,100,4.52,TM,1682585019
415,vernal,40.4555,-109.5287,7.59,65,0,1.54,US,1682584931
416,tangalle,6.024,80.7911,30.09,69,88,5.01,LK,1682585020
417,pangkalanbuun,-2.6833,111.6167,27.89,83,100,1.69,ID,1682585021
418,bialong,6.9806,124.8889,29.76,73,99,2.34,PH,1682585022
419,borzna,51.2546,32.4269,10.86,91,100,1.13,UA,1682585022
420,merke,42.8728,73.1786,22.18,35,1,3.53,KZ,1682585023
421,palmer,42.1584,-72.3287,7.78,83,100,2.06,US,1682584891
422,iskateley,67.6803,53.1512,-1.77,88,100,7.97,RU,1682585024
423,port saint john's,-31.6229,29.5448,29.19,42,88,3.25,ZA,1682585025
424,sakakah,29.9697,40.2064,30.76,12,0,3.9,SA,1682585025
425,andergrove,-21.0833,149.1833,23.14,75,24,7.46,AU,1682585026
426,januaria,-15.4833,-44.3667,18.64,61,0,0.66,BR,1682585026
427,toliara,-23.35,43.6667,28.16,46,0,4.91,MG,1682585027
428,constantia,44.1833,28.65,12.61,57,68,10.35,RO,1682584799
429,pacasmayo,-7.4006,-79.5714,23.58,85,64,3.38,PE,1682585029
430,pisco,-13.7,-76.2167,20.57,83,22,0.0,PE,1682585030
431,kharp,66.8014,65.8081,-1.87,81,100,3.87,RU,1682585031
432,cedeira,43.6797,-8.0209,18.88,82,97,2.5,ES,1682585032
433,al hawatah,13.4167,34.6333,37.0,26,97,2.63,SD,1682585032
434,santa marta,11.2408,-74.199,28.27,72,22,0.45,CO,1682585033
435,ubari,26.5921,12.7805,31.7,12,0,4.74,LY,1682585033
436,pangoa,-12.1167,-73.0,19.43,99,98,0.86,PE,1682585034
437,mount pleasant,32.7941,-79.8626,17.27,98,100,2.06,US,1682585034
438,nouadhibou,20.931,-17.0347,18.99,82,40,6.17,MR,1682585035
439,eagle point,42.4726,-122.8028,15.66,71,31,0.91,US,1682585036
440,trevelin,-43.0858,-71.4639,4.71,93,89,1.43,AR,1682585036
441,nagqu,31.5,92.0,6.85,24,100,7.68,CN,1682585037
442,salalah,17.0151,54.0924,33.05,62,20,7.72,OM,1682585037
443,tolanaro,-25.0319,46.9987,27.04,61,20,3.09,MG,1682585038
444,ambovombe,-25.1667,46.0833,25.22,56,9,3.48,MG,1682585038
445,sinabang,2.4803,96.3801,29.34,70,85,2.63,ID,1682585039
446,yanchep,-31.55,115.6833,19.23,55,83,5.99,AU,1682585040
447,ust'-kulom,61.6864,53.6902,2.61,89,100,4.2,RU,1682585040
448,harrismith,-28.2728,29.1295,24.79,26,5,7.52,ZA,1682585041
449,ariquemes,-9.9133,-63.0408,21.49,98,62,0.42,BR,1682585041
450,la serena,-29.9078,-71.2542,13.73,100,100,1.03,CL,1682585042
451,hotan,37.0997,79.9269,20.94,16,97,4.71,CN,1682585043
452,feicheng,35.2606,117.9675,22.42,48,5,6.01,CN,1682585044
453,salinopolis,-0.6136,-47.3561,24.78,88,100,2.37,BR,1682585044
454,fisterra,42.9049,-9.2629,16.68,84,94,3.9,ES,1682585045
455,viedma,-40.8135,-62.9967,10.18,91,72,4.07,AR,1682585046
456,kayangel,8.0823,134.7173,29.18,76,100,5.09,PW,1682585046
457,smithers,54.7804,-127.1743,1.18,64,0,2.06,CA,1682584935
458,dolores,-36.3132,-57.6792,10.91,91,16,2.94,AR,1682585048
459,uttar char fasson,22.2332,90.7132,32.55,47,4,4.53,BD,1682585048
460,judenburg,47.1667,14.6667,10.92,61,75,1.03,AT,1682585049
461,camarinas,43.1311,-9.1817,16.77,79,90,4.31,ES,1682585050
462,lexington,37.9887,-84.4777,11.0,56,0,4.12,US,1682584760
463,ndioum,16.5129,-14.6471,22.94,22,2,5.68,SN,1682585051
464,tucuma,-0.1833,-50.05,22.91,95,100,0.97,BR,1682585052
465,carolina beach,34.0352,-77.8936,17.79,91,92,0.81,US,1682585053
466,talara,-4.5772,-81.2719,26.21,77,100,4.94,PE,1682585054
467,fortuna,40.5982,-124.1573,8.19,77,77,0.96,US,1682585055
468,lucapa,-8.4192,20.7447,25.42,65,99,2.32,AO,1682585055
469,belen,36.4891,36.2233,17.08,52,75,1.54,TR,1682585056
470,'alaqahdari dishu,30.4374,63.313,34.08,11,37,0.83,AF,1682585057
471,el calafate,-50.3408,-72.2768,3.81,75,6,1.54,AR,1682585057
472,howard springs,-12.497,131.047,31.95,75,95,3.21,AU,1682585058
473,embi,48.8264,58.1442,24.45,18,100,8.94,KZ,1682585059
474,puerto armuelles,8.2833,-82.8667,24.91,87,45,1.66,PA,1682585060
475,mbandaka,0.0487,18.2603,27.07,63,96,1.52,CD,1682585060
476,forster,-32.1667,152.5167,18.97,86,11,4.59,AU,1682585061
477,tokar,18.4254,37.729,33.1,49,18,5.19,SD,1682585062
478,bauska,56.4075,24.1906,9.23,44,100,4.64,LV,1682585063
479,demir kapija,41.405,22.2489,14.5,47,32,7.46,MK,1682585064
480,krasnyy chikoy,50.3643,108.7512,1.57,81,100,2.53,RU,1682585066
481,pangai,-19.8,-174.35,26.24,82,94,9.53,TO,1682585067
482,tannum sands,-23.9504,151.3693,23.94,64,5,6.17,AU,1682584567
483,al hasakah,36.5024,40.7477,27.12,24,54,3.99,SY,1682585068
484,sarikei,2.1167,111.5167,28.28,85,98,1.63,MY,1682585069
485,saint-francois,46.4154,3.9054,15.93,77,0,1.03,FR,1682585070
486,ola,59.5833,151.2833,-0.07,93,62,2.81,RU,1682585070
487,south lake tahoe,38.9332,-119.9844,7.92,57,0,2.06,US,1682585071
488,tulun,54.5611,100.5792,7.88,30,100,5.65,RU,1682585073
489,la passe,45.5549,-0.8967,15.13,87,100,2.03,FR,1682585075
490,rio gallegos,-51.6226,-69.2181,6.03,65,40,6.17,AR,1682584883
491,bushehr,28.9684,50.8385,28.05,54,0,6.17,IR,1682585076
492,chake chake,-5.2459,39.7666,27.34,78,61,6.13,TZ,1682585077
493,yenangyaung,20.4667,94.8833,41.52,14,0,2.14,MM,1682585077
494,solleftea,63.1667,17.2667,3.92,92,98,2.79,SE,1682585078
495,kununurra,-15.7667,128.7333,34.99,38,33,3.09,AU,1682585079
496,jinka,5.65,36.65,25.53,58,20,0.98,ET,1682585079
497,remire-montjoly,4.9167,-52.2667,23.02,100,100,1.03,GF,1682585080
498,pizarro,4.9533,-77.366,24.93,89,56,1.64,CO,1682585081
499,tazovsky,67.4667,78.7,-4.44,88,97,0.59,RU,1682585082
500,salym,60.0625,71.4789,17.4,62,100,4.19,RU,1682585082
501,bengkulu,-3.8004,102.2655,28.13,79,100,2.03,ID,1682585083
502,praia da vitoria,38.7333,-27.0667,17.14,77,40,8.91,PT,1682585083
503,sitka,57.0531,-135.33,6.94,65,100,9.26,US,1682585084
504,kaedi,16.1465,-13.5047,33.41,17,4,4.34,MR,1682585085
505,buala,-8.145,159.5921,27.4,79,74,0.88,SB,1682585085
506,carora,10.1755,-70.0827,23.12,82,0,1.07,VE,1682585086
507,xiongzhou,25.1167,114.3,24.68,72,95,1.55,CN,1682585086
508,sarkand,45.41,79.9186,21.26,21,5,3.72,KZ,1682584884
509,amguri,26.8,94.5333,32.22,32,67,2.21,IN,1682585087
510,bowen,-20.0167,148.2333,23.74,76,2,6.74,AU,1682585088
511,london,51.5085,-0.1257,11.42,70,100,4.12,GB,1682584805
512,laojunmiao,39.8333,97.7333,10.71,16,92,15.92,CN,1682585089
513,porto velho,-8.7619,-63.9039,24.03,94,0,1.03,BR,1682585085
514,shumikha,55.2261,63.2961,22.76,30,99,8.62,RU,1682585090
515,yarmolyntsi,49.1924,26.8373,6.7,58,73,7.29,UA,1682585091
516,kalmunai,7.4167,81.8167,29.99,69,96,3.98,LK,1682584884
517,port shepstone,-30.7414,30.455,27.91,49,62,4.72,ZA,1682585092
518,corfu,39.62,19.9197,18.88,52,0,1.54,GR,1682584612
519,daye,30.0833,114.95,19.18,71,100,2.43,CN,1682585093
520,childress,34.4264,-100.204,9.4,93,75,7.2,US,1682585094
521,gurlan,41.8447,60.3919,29.95,7,3,4.04,UZ,1682585094
522,capao bonito,-24.0058,-48.3494,16.78,98,99,1.05,BR,1682585095
523,acarau,-2.8856,-40.12,24.2,92,99,4.31,BR,1682585096
524,trairi,-3.2778,-39.2689,23.15,97,100,4.58,BR,1682584894
525,dhidhdhoo,6.8833,73.1,29.0,74,40,2.4,MV,1682585000
526,al jawf,29.5,38.75,27.5,15,0,2.2,SA,1682585098
527,st. john's,47.5649,-52.7093,1.65,91,100,7.2,CA,1682584820
528,essaouira,31.5125,-9.77,21.72,83,20,1.03,MA,1682585099
529,jacmel,18.2342,-72.5347,23.91,83,13,0.83,HT,1682585100
530,arno,60.1167,18.6333,3.77,52,17,4.85,SE,1682585100
531,prince george,53.9166,-122.753,3.47,56,0,2.06,CA,1682585101
532,piti village,13.4626,144.6933,29.49,77,20,5.66,GU,1682585102
533,thunder bay,48.4001,-89.3168,0.99,93,100,4.12,CA,1682584962
534,kolonia,50.9333,6.95,11.7,53,0,3.09,DE,1682585104
535,bel ombre,-4.6167,55.4167,29.91,84,75,7.2,SC,1682585105
536,velikiye luki,56.34,30.5452,7.53,86,100,3.79,RU,1682585106
537,vodnyy,63.5046,53.4095,-0.52,87,100,4.9,RU,1682585107
538,tottori,35.5,134.2333,16.04,63,20,4.63,JP,1682585107
539,portrush,55.1959,-6.6493,9.93,77,100,3.13,GB,1682585108
540,gisborne,-38.6533,178.0042,10.46,82,1,2.81,NZ,1682585109
541,chui,-33.6971,-53.4616,14.05,94,5,2.57,UY,1682585109
542,naze,28.3667,129.4833,20.51,64,1,4.38,JP,1682585110
543,masterton,-40.9597,175.6575,6.65,94,0,0.77,NZ,1682585111
544,puerto deseado,-47.7503,-65.8938,9.44,32,95,3.24,AR,1682585112
545,nadym,65.5333,72.5167,-0.83,81,31,5.4,RU,1682585113
546,dampit,-8.2116,112.7493,25.47,87,99,2.19,ID,1682585114
547,chernyshevskiy,63.0128,112.4714,-0.31,83,81,1.66,RU,1682585114
548,bodo,67.28,14.405,4.32,89,75,2.57,NO,1682585115
549,axim,4.8699,-2.2405,27.57,82,100,3.93,GH,1682585115
550,banjar,-8.19,114.9675,27.84,88,84,0.35,ID,1682585116
551,sal rei,16.1833,-22.9167,22.11,68,75,4.12,CV,1682585117
552,l'aquila,42.365,13.3935,16.42,57,8,0.11,IT,1682585118
553,bucerias,20.75,-105.3333,19.92,69,77,1.54,MX,1682585118
554,loango,-4.6719,11.8312,23.81,94,75,2.06,CG,1682585119
555,tidjikja,18.5564,-11.4271,31.82,9,0,1.07,MR,1682584998
556,moyynkum,44.2914,72.9469,26.8,13,0,11.53,KZ,1682585120
557,cova figueira,14.8905,-24.2934,20.49,76,76,4.96,CV,1682585121
558,zhuanghe,39.7008,122.9911,11.54,70,72,4.58,CN,1682585122
559,isoka,-10.1606,32.6335,21.52,64,15,2.73,ZM,1682585123
560,ixtapa,20.7,-105.2,19.48,57,85,1.3,MX,1682585124
561,puerto san jose,13.9256,-90.8244,27.19,75,99,1.81,GT,1682585125
562,chibougamau,49.9168,-74.3659,-2.21,100,75,1.03,CA,1682585008
563,dawukou,39.0419,106.3958,14.94,27,99,8.02,CN,1682585126
564,pelabuhanratu,-6.9875,106.5514,28.64,79,96,1.18,ID,1682585127
565,baissa,7.2333,10.6333,31.36,55,98,1.03,NG,1682585127
566,broome,42.2506,-75.833,5.81,90,100,3.6,US,1682585128
567,mouila,-1.8685,11.0559,25.95,83,100,0.64,GA,1682585129
568,rodolfo sanchez taboada,31.7167,-116.5667,15.61,81,13,1.13,MX,1682585130
569,sur,22.5667,59.5289,29.54,55,49,3.21,OM,1682585130
